<?xml version="1.0" encoding="UTF-8"?>
<project-private xmlns="http://www.netbeans.org/ns/project-private/1">
    <editor-bookmarks xmlns="http://www.netbeans.org/ns/editor-bookmarks/2" lastBookmarkId="0"/>
    <open-files xmlns="http://www.netbeans.org/ns/projectui-open-files/2">
        <group>
            <file>file:/C:/Users/manue/OneDrive/Documentos/NetBeansProjects/SistemaVentasFarmacia/src/vista/InterCliente.java</file>
            <file>file:/C:/Users/manue/OneDrive/Documentos/NetBeansProjects/SistemaVentasFarmacia/src/vista/FrmMenu.java</file>
            <file>file:/C:/Users/manue/OneDrive/Documentos/NetBeansProjects/SistemaVentasFarmacia/src/vista/Frml_Login.java</file>
            <file>file:/C:/Users/manue/OneDrive/Documentos/NetBeansProjects/SistemaVentasFarmacia/src/vista/InterProducto.java</file>
            <file>file:/C:/Users/manue/OneDrive/Documentos/NetBeansProjects/SistemaVentasFarmacia/src/modelo/InterfazPersonalizada.java</file>
        </group>
    </open-files>
</project-private>
